target,count,missing_count,nonfinite_count,negative_count,zero_count,min,p01,median,mean,p99,max
Q0_TOTAL_ASSETS,100000,0,0,1631,0,-218228039147.0449,-4074291231.9238563,823114176.7190287,5284814444.947818,115689651718.14603,385222182619.456
Q0_TOTAL_LIABILITIES,100000,0,0,1630,0,-52911235273.14236,-1461501847.593674,298292234.7479054,2352212315.990682,42550967532.774895,171434826254.69907
Q0_TOTAL_STOCKHOLDERS_EQUITY,100000,0,0,2518,0,-170079580681.338,-2655876567.5676155,517793867.34404147,2932602128.957135,75632412235.70267,232934241636.54993
Q0_GROSS_PROFIT,100000,0,0,3087,0,-1908190344.1017056,-7639307.338780136,36202766.631297834,269263332.74503464,4118160233.306642,15217976948.860758
Q0_COST_OF_REVENUES,100000,0,0,696,0,-2115329946.7986057,162156.5891822635,38001009.47662978,463512879.2799254,6931959187.783432,30856872866.608932
Q0_REVENUES,100000,0,0,0,0,34219.635395363446,1078959.3642536905,83324932.08040689,732786983.0507163,11057944657.411465,34393659564.15798
Q0_OPERATING_INCOME,100000,0,0,79542,0,-16603043069.470898,-1658566612.0628126,-13362900.317615382,-61384548.731722794,596475634.0876151,5088807244.694802
Q0_OPERATING_EXPENSES,100000,0,0,0,0,440481.96626786777,1070140.4045775486,69434137.97635816,330647881.4767574,5068890920.307457,20859578383.486195
Q0_EBITDA,100000,0,0,78018,0,-25504421742.41173,-2304384992.719082,-12267757.551688211,-65470294.10915723,854384436.5153767,11069418997.2932
