target,seed42_selected_smape_percent,seed314159_locked_smape_percent
Q0_TOTAL_ASSETS,4.334836068512795,4.27399278506879
Q0_TOTAL_LIABILITIES,9.656089671134326,9.486424493517273
Q0_TOTAL_STOCKHOLDERS_EQUITY,10.27561757680373,10.157211659896337
Q0_GROSS_PROFIT,23.144757854467265,23.090822015736215
Q0_COST_OF_REVENUES,18.05066334952094,18.05066334952094
Q0_REVENUES,13.805032439010686,13.774322521896332
Q0_OPERATING_INCOME,50.59023019498012,50.60187758148219
Q0_OPERATING_EXPENSES,11.044586353071756,11.014514537565363
Q0_EBITDA,50.35651413686492,50.408038187305195
