model,target,derived_formula,direct_weight,smape_percent
random_forest,Q0_TOTAL_ASSETS,liabilities_plus_equity,0.0,4.334836068512795
random_forest,Q0_TOTAL_ASSETS,liabilities_plus_equity,0.25,4.334836068512795
random_forest,Q0_TOTAL_ASSETS,liabilities_plus_equity,0.5,4.334836068512795
random_forest,Q0_TOTAL_ASSETS,liabilities_plus_equity,0.75,4.334836068512795
random_forest,Q0_TOTAL_ASSETS,liabilities_plus_equity,1.0,4.334836068512795
random_forest,Q0_TOTAL_LIABILITIES,assets_minus_equity,0.0,9.903894567268598
random_forest,Q0_TOTAL_LIABILITIES,assets_minus_equity,0.25,9.903894567268598
random_forest,Q0_TOTAL_LIABILITIES,assets_minus_equity,0.5,9.903894567268598
random_forest,Q0_TOTAL_LIABILITIES,assets_minus_equity,0.75,9.903894567268598
random_forest,Q0_TOTAL_LIABILITIES,assets_minus_equity,1.0,9.903894567268598
random_forest,Q0_TOTAL_STOCKHOLDERS_EQUITY,assets_minus_liabilities,0.0,10.438126002825102
random_forest,Q0_TOTAL_STOCKHOLDERS_EQUITY,assets_minus_liabilities,0.25,10.438126002825102
random_forest,Q0_TOTAL_STOCKHOLDERS_EQUITY,assets_minus_liabilities,0.5,10.438126002825102
random_forest,Q0_TOTAL_STOCKHOLDERS_EQUITY,assets_minus_liabilities,0.75,10.438126002825102
random_forest,Q0_TOTAL_STOCKHOLDERS_EQUITY,assets_minus_liabilities,1.0,10.438126002825102
random_forest,Q0_REVENUES,gross_profit_plus_cost,0.0,27.111906057223678
random_forest,Q0_REVENUES,gross_profit_plus_cost,0.25,27.11164933760612
random_forest,Q0_REVENUES,gross_profit_plus_cost,0.5,27.111412430617932
random_forest,Q0_REVENUES,gross_profit_plus_cost,0.75,27.11119764461396
random_forest,Q0_REVENUES,gross_profit_plus_cost,1.0,27.110998806253882
random_forest,Q0_GROSS_PROFIT,revenues_minus_cost,0.0,39.1807262794506
random_forest,Q0_GROSS_PROFIT,revenues_minus_cost,0.25,39.1803035063545
random_forest,Q0_GROSS_PROFIT,revenues_minus_cost,0.5,39.17972602319911
random_forest,Q0_GROSS_PROFIT,revenues_minus_cost,0.75,39.17923117835444
random_forest,Q0_GROSS_PROFIT,revenues_minus_cost,1.0,39.17882423635118
random_forest,Q0_GROSS_PROFIT,operating_income_plus_expenses,0.0,39.17882423635118
random_forest,Q0_GROSS_PROFIT,operating_income_plus_expenses,0.25,39.17882423635118
random_forest,Q0_GROSS_PROFIT,operating_income_plus_expenses,0.5,39.17882423635118
random_forest,Q0_GROSS_PROFIT,operating_income_plus_expenses,0.75,39.17882423635118
random_forest,Q0_GROSS_PROFIT,operating_income_plus_expenses,1.0,39.17882423635118
random_forest,Q0_COST_OF_REVENUES,revenues_minus_gross_profit,0.0,39.89638910509066
random_forest,Q0_COST_OF_REVENUES,revenues_minus_gross_profit,0.25,39.89688772642962
random_forest,Q0_COST_OF_REVENUES,revenues_minus_gross_profit,0.5,39.89743226780721
random_forest,Q0_COST_OF_REVENUES,revenues_minus_gross_profit,0.75,39.898026321599666
random_forest,Q0_COST_OF_REVENUES,revenues_minus_gross_profit,1.0,39.8986593822762
random_forest,Q0_OPERATING_INCOME,gross_profit_minus_expenses,0.0,68.33463833160368
random_forest,Q0_OPERATING_INCOME,gross_profit_minus_expenses,0.25,68.33463833160368
random_forest,Q0_OPERATING_INCOME,gross_profit_minus_expenses,0.5,68.33463833160368
random_forest,Q0_OPERATING_INCOME,gross_profit_minus_expenses,0.75,68.33463833160368
random_forest,Q0_OPERATING_INCOME,gross_profit_minus_expenses,1.0,68.33463833160368
random_forest,Q0_OPERATING_EXPENSES,gross_profit_minus_operating_income,0.0,25.181392248629823
random_forest,Q0_OPERATING_EXPENSES,gross_profit_minus_operating_income,0.25,25.181392248629823
random_forest,Q0_OPERATING_EXPENSES,gross_profit_minus_operating_income,0.5,25.181392248629823
random_forest,Q0_OPERATING_EXPENSES,gross_profit_minus_operating_income,0.75,25.181392248629823
random_forest,Q0_OPERATING_EXPENSES,gross_profit_minus_operating_income,1.0,25.181392248629823
lightgbm,Q0_TOTAL_ASSETS,liabilities_plus_equity,0.0,16.665681322542813
lightgbm,Q0_TOTAL_ASSETS,liabilities_plus_equity,0.25,16.00582956458842
lightgbm,Q0_TOTAL_ASSETS,liabilities_plus_equity,0.5,15.477677099321044
lightgbm,Q0_TOTAL_ASSETS,liabilities_plus_equity,0.75,15.133342244341405
lightgbm,Q0_TOTAL_ASSETS,liabilities_plus_equity,1.0,14.986739460163909
lightgbm,Q0_TOTAL_LIABILITIES,assets_minus_equity,0.0,19.70614603043048
lightgbm,Q0_TOTAL_LIABILITIES,assets_minus_equity,0.25,17.933289703956675
lightgbm,Q0_TOTAL_LIABILITIES,assets_minus_equity,0.5,16.76209433580198
lightgbm,Q0_TOTAL_LIABILITIES,assets_minus_equity,0.75,16.290727456857564
lightgbm,Q0_TOTAL_LIABILITIES,assets_minus_equity,1.0,16.698350415454616
lightgbm,Q0_TOTAL_STOCKHOLDERS_EQUITY,assets_minus_liabilities,0.0,19.31014912622315
lightgbm,Q0_TOTAL_STOCKHOLDERS_EQUITY,assets_minus_liabilities,0.25,19.301032729080674
lightgbm,Q0_TOTAL_STOCKHOLDERS_EQUITY,assets_minus_liabilities,0.5,19.689931683937495
lightgbm,Q0_TOTAL_STOCKHOLDERS_EQUITY,assets_minus_liabilities,0.75,20.411089844939074
lightgbm,Q0_TOTAL_STOCKHOLDERS_EQUITY,assets_minus_liabilities,1.0,21.452983326390946
lightgbm,Q0_REVENUES,gross_profit_plus_cost,0.0,21.13833362003319
lightgbm,Q0_REVENUES,gross_profit_plus_cost,0.25,20.42604695875965
lightgbm,Q0_REVENUES,gross_profit_plus_cost,0.5,19.941764716289466
lightgbm,Q0_REVENUES,gross_profit_plus_cost,0.75,19.69903294917847
lightgbm,Q0_REVENUES,gross_profit_plus_cost,1.0,19.744757839862064
lightgbm,Q0_GROSS_PROFIT,revenues_minus_cost,0.0,36.78979450275084
lightgbm,Q0_GROSS_PROFIT,revenues_minus_cost,0.25,35.31300672604366
lightgbm,Q0_GROSS_PROFIT,revenues_minus_cost,0.5,34.606375006162274
lightgbm,Q0_GROSS_PROFIT,revenues_minus_cost,0.75,34.70208256813551
lightgbm,Q0_GROSS_PROFIT,revenues_minus_cost,1.0,35.74157750029652
lightgbm,Q0_GROSS_PROFIT,operating_income_plus_expenses,0.0,46.14732526368777
lightgbm,Q0_GROSS_PROFIT,operating_income_plus_expenses,0.25,40.36273212775361
lightgbm,Q0_GROSS_PROFIT,operating_income_plus_expenses,0.5,34.768484978045464
lightgbm,Q0_GROSS_PROFIT,operating_income_plus_expenses,0.75,33.83005641866021
lightgbm,Q0_GROSS_PROFIT,operating_income_plus_expenses,1.0,35.74157750029652
lightgbm,Q0_COST_OF_REVENUES,revenues_minus_gross_profit,0.0,28.349338770776495
lightgbm,Q0_COST_OF_REVENUES,revenues_minus_gross_profit,0.25,25.957728360878583
lightgbm,Q0_COST_OF_REVENUES,revenues_minus_gross_profit,0.5,24.021461263343618
lightgbm,Q0_COST_OF_REVENUES,revenues_minus_gross_profit,0.75,22.861092230425594
lightgbm,Q0_COST_OF_REVENUES,revenues_minus_gross_profit,1.0,22.89824324621582
lightgbm,Q0_OPERATING_INCOME,gross_profit_minus_expenses,0.0,60.629396928126624
lightgbm,Q0_OPERATING_INCOME,gross_profit_minus_expenses,0.25,56.341147045093024
lightgbm,Q0_OPERATING_INCOME,gross_profit_minus_expenses,0.5,53.4856886488167
lightgbm,Q0_OPERATING_INCOME,gross_profit_minus_expenses,0.75,56.05976102082081
lightgbm,Q0_OPERATING_INCOME,gross_profit_minus_expenses,1.0,59.49138342338382
lightgbm,Q0_OPERATING_EXPENSES,gross_profit_minus_operating_income,0.0,21.919282904331908
lightgbm,Q0_OPERATING_EXPENSES,gross_profit_minus_operating_income,0.25,19.323350253147815
lightgbm,Q0_OPERATING_EXPENSES,gross_profit_minus_operating_income,0.5,16.749791254329065
lightgbm,Q0_OPERATING_EXPENSES,gross_profit_minus_operating_income,0.75,14.331451898234205
lightgbm,Q0_OPERATING_EXPENSES,gross_profit_minus_operating_income,1.0,12.493592507048819
hist_gradient_boosting,Q0_TOTAL_ASSETS,liabilities_plus_equity,0.0,19.761328228658396
hist_gradient_boosting,Q0_TOTAL_ASSETS,liabilities_plus_equity,0.25,19.07785472245213
hist_gradient_boosting,Q0_TOTAL_ASSETS,liabilities_plus_equity,0.5,18.542635794339642
hist_gradient_boosting,Q0_TOTAL_ASSETS,liabilities_plus_equity,0.75,18.19991470206447
hist_gradient_boosting,Q0_TOTAL_ASSETS,liabilities_plus_equity,1.0,18.06867010081767
hist_gradient_boosting,Q0_TOTAL_LIABILITIES,assets_minus_equity,0.0,23.29925030814706
hist_gradient_boosting,Q0_TOTAL_LIABILITIES,assets_minus_equity,0.25,21.47745483952383
hist_gradient_boosting,Q0_TOTAL_LIABILITIES,assets_minus_equity,0.5,20.150972278621484
hist_gradient_boosting,Q0_TOTAL_LIABILITIES,assets_minus_equity,0.75,19.522586179952473
hist_gradient_boosting,Q0_TOTAL_LIABILITIES,assets_minus_equity,1.0,19.86619620263949
hist_gradient_boosting,Q0_TOTAL_STOCKHOLDERS_EQUITY,assets_minus_liabilities,0.0,22.139447389115208
hist_gradient_boosting,Q0_TOTAL_STOCKHOLDERS_EQUITY,assets_minus_liabilities,0.25,22.00520794395011
hist_gradient_boosting,Q0_TOTAL_STOCKHOLDERS_EQUITY,assets_minus_liabilities,0.5,22.34477973809232
hist_gradient_boosting,Q0_TOTAL_STOCKHOLDERS_EQUITY,assets_minus_liabilities,0.75,23.05574547791452
hist_gradient_boosting,Q0_TOTAL_STOCKHOLDERS_EQUITY,assets_minus_liabilities,1.0,24.08073630614802
hist_gradient_boosting,Q0_REVENUES,gross_profit_plus_cost,0.0,22.855295289189588
hist_gradient_boosting,Q0_REVENUES,gross_profit_plus_cost,0.25,22.037888121894692
hist_gradient_boosting,Q0_REVENUES,gross_profit_plus_cost,0.5,21.48010872352724
hist_gradient_boosting,Q0_REVENUES,gross_profit_plus_cost,0.75,21.191243019126173
hist_gradient_boosting,Q0_REVENUES,gross_profit_plus_cost,1.0,21.21195203479598
hist_gradient_boosting,Q0_GROSS_PROFIT,revenues_minus_cost,0.0,37.94135372729946
hist_gradient_boosting,Q0_GROSS_PROFIT,revenues_minus_cost,0.25,36.255847864473104
hist_gradient_boosting,Q0_GROSS_PROFIT,revenues_minus_cost,0.5,35.487289003243305
hist_gradient_boosting,Q0_GROSS_PROFIT,revenues_minus_cost,0.75,35.44620398595132
hist_gradient_boosting,Q0_GROSS_PROFIT,revenues_minus_cost,1.0,36.47380241902604
hist_gradient_boosting,Q0_GROSS_PROFIT,operating_income_plus_expenses,0.0,47.269351745101154
hist_gradient_boosting,Q0_GROSS_PROFIT,operating_income_plus_expenses,0.25,40.729745760595705
hist_gradient_boosting,Q0_GROSS_PROFIT,operating_income_plus_expenses,0.5,35.44555873322529
hist_gradient_boosting,Q0_GROSS_PROFIT,operating_income_plus_expenses,0.75,34.744233149292604
hist_gradient_boosting,Q0_GROSS_PROFIT,operating_income_plus_expenses,1.0,36.47380241902604
hist_gradient_boosting,Q0_COST_OF_REVENUES,revenues_minus_gross_profit,0.0,30.0587601863549
hist_gradient_boosting,Q0_COST_OF_REVENUES,revenues_minus_gross_profit,0.25,27.648063274154765
hist_gradient_boosting,Q0_COST_OF_REVENUES,revenues_minus_gross_profit,0.5,25.70127533917532
hist_gradient_boosting,Q0_COST_OF_REVENUES,revenues_minus_gross_profit,0.75,24.59360704070761
hist_gradient_boosting,Q0_COST_OF_REVENUES,revenues_minus_gross_profit,1.0,24.829885248637996
hist_gradient_boosting,Q0_OPERATING_INCOME,gross_profit_minus_expenses,0.0,56.52373028598253
hist_gradient_boosting,Q0_OPERATING_INCOME,gross_profit_minus_expenses,0.25,53.57313837878435
hist_gradient_boosting,Q0_OPERATING_INCOME,gross_profit_minus_expenses,0.5,55.01749657614992
hist_gradient_boosting,Q0_OPERATING_INCOME,gross_profit_minus_expenses,0.75,57.568831401592014
hist_gradient_boosting,Q0_OPERATING_INCOME,gross_profit_minus_expenses,1.0,60.7564321894122
hist_gradient_boosting,Q0_OPERATING_EXPENSES,gross_profit_minus_operating_income,0.0,23.209298878757437
hist_gradient_boosting,Q0_OPERATING_EXPENSES,gross_profit_minus_operating_income,0.25,20.75812601670928
hist_gradient_boosting,Q0_OPERATING_EXPENSES,gross_profit_minus_operating_income,0.5,18.430524753778776
hist_gradient_boosting,Q0_OPERATING_EXPENSES,gross_profit_minus_operating_income,0.75,16.361626169557333
hist_gradient_boosting,Q0_OPERATING_EXPENSES,gross_profit_minus_operating_income,1.0,14.83082728589807
